{"metadata":{"type":"A","id":{"species":"10","mission-id":"10_001558","provider-code":"0002","breed":"BEA","age":8,"class":"SH","sex":"IM","group":"LS"},"physical":{"weight":11,"shoulder-height":33,"neck-size":36,"back-length":38,"chest-size":60,"BCS":7},"image":{"body-part":"07"},"breeding":{"exercise":1,"food-count":1,"environment":1,"defecation":1,"food-amount":3,"snack-amount":0,"food-kind":1}},"annotations":{"image-id":"A_10_BEA_IM_20221207_10_001558_07.jpg","label":{"label":"전신","points":[[98,287],[1202,856]],"shape":"Bounding Box","part":"좌측면하45도"}}}