{"metadata":{"type":"A","id":{"species":"10","mission-id":"10_105155","provider-code":"0002","breed":"BEA","age":11,"class":"SH","sex":"IM","group":"LS"},"physical":{"weight":11,"shoulder-height":40,"neck-size":35,"back-length":45,"chest-size":50,"BCS":6},"image":{"body-part":"05"},"breeding":{"exercise":1,"food-count":1,"environment":1,"defecation":1,"food-amount":3,"snack-amount":0,"food-kind":1}},"annotations":{"image-id":"A_10_BEA_IM_20230131_10_105155_05.jpg","label":{"label":"전신","points":[[361,187],[1120,727]],"shape":"Bounding Box","part":"좌측면우45도"}}}