{"metadata":{"type":"A","id":{"species":"10","mission-id":"10_001571","provider-code":"0002","breed":"BEA","age":1,"class":"SH","sex":"IF","group":"MS"},"physical":{"weight":8,"shoulder-height":34,"neck-size":40,"back-length":36,"chest-size":48,"BCS":4},"image":{"body-part":"13"},"breeding":{"exercise":1,"food-count":1,"environment":1,"defecation":1,"food-amount":3,"snack-amount":0,"food-kind":1}},"annotations":{"image-id":"A_10_BEA_IF_20221207_10_001571_13.jpg","label":{"label":"전신","points":[[445,84],[1081,1392]],"shape":"Bounding Box","part":"상측면"}}}