{"metadata":{"type":"A","id":{"species":"10","mission-id":"10_105135","provider-code":"0002","breed":"BEA","age":10,"class":"SH","sex":"IM","group":"MS"},"physical":{"weight":9.7,"shoulder-height":33,"neck-size":33,"back-length":37,"chest-size":40,"BCS":5},"image":{"body-part":"18"},"breeding":{"exercise":1,"food-count":1,"environment":1,"defecation":1,"food-amount":3,"snack-amount":0,"food-kind":1}},"annotations":{"image-id":"A_10_BEA_IM_20230131_10_105135_18.jpg","label":{"label":"두상","points":[[222,176],[1256,1396]],"shape":"Bounding Box","part":"두상전면하45도"}}}