{"metadata":{"type":"A","id":{"species":"10","mission-id":"10_105136","provider-code":"0002","breed":"BEA","age":4,"class":"SH","sex":"IM","group":"LS"},"physical":{"weight":10.5,"shoulder-height":34,"neck-size":35,"back-length":42,"chest-size":54,"BCS":5},"image":{"body-part":"20"},"breeding":{"exercise":1,"food-count":1,"environment":1,"defecation":1,"food-amount":3,"snack-amount":0,"food-kind":1}},"annotations":{"image-id":"A_10_BEA_IM_20230131_10_105136_20.jpg","label":{"label":"코","points":[[419,1663],[1462,2579]],"shape":"Bounding Box","part":"비문전면"}}}