{"metadata":{"type":"A","id":{"species":"10","mission-id":"10_001574","provider-code":"0002","breed":"BEA","age":9,"class":"SH","sex":"IM","group":"MS"},"physical":{"weight":8.4,"shoulder-height":36,"neck-size":33,"back-length":44,"chest-size":49,"BCS":5},"image":{"body-part":"12"},"breeding":{"exercise":3,"food-count":2,"environment":1,"defecation":1,"food-amount":2.6,"snack-amount":20,"food-kind":1}},"annotations":{"image-id":"A_10_BEA_IM_20221207_10_001574_12.jpg","label":{"label":"전신","points":[[155,318],[1180,1070]],"shape":"Bounding Box","part":"우측면하45도"}}}