{"metadata":{"type":"A","id":{"species":"10","mission-id":"10_001578","provider-code":"0002","breed":"BEA","age":0,"class":"SH","sex":"IF","group":"MS"},"physical":{"weight":8.5,"shoulder-height":32,"neck-size":26,"back-length":42,"chest-size":45,"BCS":4},"image":{"body-part":"03"},"breeding":{"exercise":3,"food-count":2,"environment":1,"defecation":1,"food-amount":3,"snack-amount":20,"food-kind":1}},"annotations":{"image-id":"A_10_BEA_IF_20221207_10_001578_03.jpg","label":{"label":"전신","points":[[224,175],[1244,942]],"shape":"Bounding Box","part":"좌측면중앙"}}}