{"metadata":{"type":"A","id":{"species":"10","mission-id":"10_105138","provider-code":"0002","breed":"BEA","age":10,"class":"SH","sex":"IM","group":"LS"},"physical":{"weight":13,"shoulder-height":36,"neck-size":31,"back-length":42,"chest-size":47,"BCS":7},"image":{"body-part":"18"},"breeding":{"exercise":1,"food-count":1,"environment":1,"defecation":1,"food-amount":3,"snack-amount":0,"food-kind":1}},"annotations":{"image-id":"A_10_BEA_IM_20230131_10_105138_18.jpg","label":{"label":"두상","points":[[878,761],[2331,2356]],"shape":"Bounding Box","part":"두상전면하45도"}}}