{"metadata":{"type":"A","id":{"species":"10","mission-id":"10_001569","provider-code":"0002","breed":"BEA","age":5,"class":"SH","sex":"IM","group":"MS"},"physical":{"weight":9.4,"shoulder-height":34,"neck-size":32,"back-length":47,"chest-size":52,"BCS":6},"image":{"body-part":"20"},"breeding":{"exercise":3,"food-count":2,"environment":1,"defecation":1,"food-amount":3,"snack-amount":19.5,"food-kind":1}},"annotations":{"image-id":"A_10_BEA_IM_20221207_10_001569_20.jpg","label":{"label":"코","points":[[1164,1897],[2030,2664]],"shape":"Bounding Box","part":"비문전면"}}}