{"metadata":{"type":"A","id":{"species":"10","mission-id":"10_001564","provider-code":"0002","breed":"BEA","age":9,"class":"SH","sex":"IM","group":"LS"},"physical":{"weight":13,"shoulder-height":36,"neck-size":42,"back-length":38,"chest-size":60,"BCS":6},"image":{"body-part":"17"},"breeding":{"exercise":1,"food-count":1,"environment":1,"defecation":1,"food-amount":3,"snack-amount":0,"food-kind":1}},"annotations":{"image-id":"A_10_BEA_IM_20221207_10_001564_17.jpg","label":{"label":"두상","points":[[293,334],[1046,1370]],"shape":"Bounding Box","part":"두상전면상45도"}}}