{"metadata":{"type":"A","id":{"species":"10","mission-id":"10_105140","provider-code":"0002","breed":"BEA","age":8,"class":"SH","sex":"IM","group":"LS"},"physical":{"weight":10.5,"shoulder-height":42,"neck-size":29,"back-length":40,"chest-size":51,"BCS":6},"image":{"body-part":"16"},"breeding":{"exercise":1,"food-count":1,"environment":1,"defecation":1,"food-amount":3,"snack-amount":0,"food-kind":1}},"annotations":{"image-id":"A_10_BEA_IM_20230131_10_105140_16.jpg","label":{"label":"두상","points":[[536,1731],[1798,2872]],"shape":"Bounding Box","part":"두상전면우45도"}}}