{"metadata":{"type":"A","id":{"species":"10","mission-id":"10_105144","provider-code":"0002","breed":"BEA","age":10,"class":"SH","sex":"IM","group":"MS"},"physical":{"weight":8.7,"shoulder-height":33,"neck-size":29,"back-length":35,"chest-size":45,"BCS":4},"image":{"body-part":"11"},"breeding":{"exercise":1,"food-count":1,"environment":1,"defecation":1,"food-amount":3,"snack-amount":0,"food-kind":1}},"annotations":{"image-id":"A_10_BEA_IM_20230131_10_105144_11.jpg","label":{"label":"전신","points":[[418,748],[3671,2612]],"shape":"Bounding Box","part":"우측면상45도"}}}