{"metadata":{"type":"A","id":{"species":"10","mission-id":"10_001567","provider-code":"0002","breed":"BEA","age":1,"class":"SH","sex":"IF","group":"MS"},"physical":{"weight":7,"shoulder-height":26,"neck-size":32,"back-length":28,"chest-size":43,"BCS":4},"image":{"body-part":"15"},"breeding":{"exercise":1,"food-count":1,"environment":1,"defecation":1,"food-amount":3,"snack-amount":0,"food-kind":1}},"annotations":{"image-id":"A_10_BEA_IF_20221207_10_001567_15.jpg","label":{"label":"두상","points":[[308,418],[1115,971]],"shape":"Bounding Box","part":"두상전면좌45도"}}}