{"metadata":{"type":"A","id":{"species":"10","mission-id":"10_001572","provider-code":"0002","breed":"BEA","age":5,"class":"SH","sex":"IF","group":"MS"},"physical":{"weight":7,"shoulder-height":32,"neck-size":29,"back-length":45,"chest-size":41,"BCS":4},"image":{"body-part":"19"},"breeding":{"exercise":3,"food-count":2,"environment":1,"defecation":1,"food-amount":3,"snack-amount":20,"food-kind":1}},"annotations":{"image-id":"A_10_BEA_IF_20221207_10_001572_19.jpg","label":{"label":"두상","points":[[370,1315],[2133,3087]],"shape":"Bounding Box","part":"두상상측면"}}}