{"metadata":{"type":"A","id":{"species":"10","mission-id":"10_001560","provider-code":"0002","breed":"BEA","age":13,"class":"SH","sex":"IM","group":"LS"},"physical":{"weight":12,"shoulder-height":41,"neck-size":36,"back-length":40,"chest-size":65,"BCS":7},"image":{"body-part":"03"},"breeding":{"exercise":1,"food-count":1,"environment":1,"defecation":1,"food-amount":3,"snack-amount":0,"food-kind":1}},"annotations":{"image-id":"A_10_BEA_IM_20221207_10_001560_03.jpg","label":{"label":"전신","points":[[327,148],[1179,854]],"shape":"Bounding Box","part":"좌측면중앙"}}}