{"metadata":{"type":"A","id":{"species":"10","mission-id":"10_001577","provider-code":"0002","breed":"BEA","age":8,"class":"SH","sex":"IF","group":"MS"},"physical":{"weight":9,"shoulder-height":36,"neck-size":28,"back-length":39,"chest-size":48,"BCS":4},"image":{"body-part":"15"},"breeding":{"exercise":3,"food-count":2,"environment":1,"defecation":1,"food-amount":3,"snack-amount":20,"food-kind":1}},"annotations":{"image-id":"A_10_BEA_IF_20221207_10_001577_15.jpg","label":{"label":"두상","points":[[515,1314],[2527,3269]],"shape":"Bounding Box","part":"두상전면좌45도"}}}