{"metadata":{"type":"A","id":{"species":"10","mission-id":"10_105139","provider-code":"0002","breed":"BEA","age":9,"class":"SH","sex":"IM","group":"LS"},"physical":{"weight":14,"shoulder-height":36,"neck-size":30,"back-length":42,"chest-size":55,"BCS":7},"image":{"body-part":"15"},"breeding":{"exercise":1,"food-count":1,"environment":1,"defecation":1,"food-amount":3,"snack-amount":0,"food-kind":1}},"annotations":{"image-id":"A_10_BEA_IM_20230131_10_105139_15.jpg","label":{"label":"두상","points":[[508,1606],[2089,2662]],"shape":"Bounding Box","part":"두상전면좌45도"}}}