{"metadata":{"type":"A","id":{"species":"10","mission-id":"10_001577","provider-code":"0002","breed":"BEA","age":8,"class":"SH","sex":"IF","group":"MS"},"physical":{"weight":9,"shoulder-height":36,"neck-size":28,"back-length":39,"chest-size":48,"BCS":4},"image":{"body-part":"20"},"breeding":{"exercise":3,"food-count":2,"environment":1,"defecation":1,"food-amount":3,"snack-amount":20,"food-kind":1}},"annotations":{"image-id":"A_10_BEA_IF_20221207_10_001577_20.jpg","label":{"label":"코","points":[[1299,1937],[1872,2491]],"shape":"Bounding Box","part":"비문전면"}}}