{"metadata":{"type":"A","id":{"species":"10","mission-id":"10_105164","provider-code":"0002","breed":"BEA","age":2,"class":"SH","sex":"IM","group":"LS"},"physical":{"weight":10,"shoulder-height":38,"neck-size":30,"back-length":37,"chest-size":40,"BCS":6},"image":{"body-part":"07"},"breeding":{"exercise":1,"food-count":1,"environment":1,"defecation":1,"food-amount":3,"snack-amount":5,"food-kind":1}},"annotations":{"image-id":"A_10_BEA_IM_20230131_10_105164_07.jpg","label":{"label":"전신","points":[[503,311],[1198,892]],"shape":"Bounding Box","part":"좌측면하45도"}}}