{"metadata":{"type":"A","id":{"species":"10","mission-id":"10_001560","provider-code":"0002","breed":"BEA","age":13,"class":"SH","sex":"IM","group":"LS"},"physical":{"weight":12,"shoulder-height":41,"neck-size":36,"back-length":40,"chest-size":65,"BCS":7},"image":{"body-part":"15"},"breeding":{"exercise":1,"food-count":1,"environment":1,"defecation":1,"food-amount":3,"snack-amount":0,"food-kind":1}},"annotations":{"image-id":"A_10_BEA_IM_20221207_10_001560_15.jpg","label":{"label":"두상","points":[[233,546],[997,1054]],"shape":"Bounding Box","part":"두상전면좌45도"}}}