{"metadata":{"type":"A","id":{"species":"10","mission-id":"10_001562","provider-code":"0002","breed":"BEA","age":3,"class":"SH","sex":"IM","group":"MS"},"physical":{"weight":9,"shoulder-height":29,"neck-size":30,"back-length":30,"chest-size":45,"BCS":5},"image":{"body-part":"09"},"breeding":{"exercise":1,"food-count":1,"environment":1,"defecation":1,"food-amount":3,"snack-amount":0,"food-kind":1}},"annotations":{"image-id":"A_10_BEA_IM_20221207_10_001562_09.jpg","label":{"label":"전신","points":[[297,175],[1132,779]],"shape":"Bounding Box","part":"우측면좌45도"}}}