{"metadata":{"type":"A","id":{"species":"10","mission-id":"10_001569","provider-code":"0002","breed":"BEA","age":5,"class":"SH","sex":"IM","group":"MS"},"physical":{"weight":9.4,"shoulder-height":34,"neck-size":32,"back-length":47,"chest-size":52,"BCS":6},"image":{"body-part":"19"},"breeding":{"exercise":3,"food-count":2,"environment":1,"defecation":1,"food-amount":3,"snack-amount":19.5,"food-kind":1}},"annotations":{"image-id":"A_10_BEA_IM_20221207_10_001569_19.jpg","label":{"label":"두상","points":[[730,954],[2601,3330]],"shape":"Bounding Box","part":"두상상측면"}}}