{"metadata":{"type":"A","id":{"species":"10","mission-id":"10_001573","provider-code":"0002","breed":"BEA","age":0,"class":"SH","sex":"IM","group":"MS"},"physical":{"weight":9.5,"shoulder-height":39,"neck-size":35,"back-length":42,"chest-size":57,"BCS":6},"image":{"body-part":"18"},"breeding":{"exercise":3,"food-count":2,"environment":1,"defecation":1,"food-amount":3,"snack-amount":20,"food-kind":1}},"annotations":{"image-id":"A_10_BEA_IM_20221207_10_001573_18.jpg","label":{"label":"두상","points":[[1032,442],[2999,2409]],"shape":"Bounding Box","part":"두상전면하45도"}}}