{"metadata":{"type":"A","id":{"species":"10","mission-id":"10_001575","provider-code":"0002","breed":"BEA","age":10,"class":"SH","sex":"IM","group":"LS"},"physical":{"weight":11,"shoulder-height":35,"neck-size":34,"back-length":44,"chest-size":57,"BCS":6},"image":{"body-part":"20"},"breeding":{"exercise":3,"food-count":2,"environment":1,"defecation":1,"food-amount":3,"snack-amount":20,"food-kind":1}},"annotations":{"image-id":"A_10_BEA_IM_20221207_10_001575_20.jpg","label":{"label":"코","points":[[1261,1774],[1943,2349]],"shape":"Bounding Box","part":"비문전면"}}}