{"metadata":{"type":"A","id":{"species":"10","mission-id":"10_001575","provider-code":"0002","breed":"BEA","age":10,"class":"SH","sex":"IM","group":"LS"},"physical":{"weight":11,"shoulder-height":35,"neck-size":34,"back-length":44,"chest-size":57,"BCS":6},"image":{"body-part":"15"},"breeding":{"exercise":3,"food-count":2,"environment":1,"defecation":1,"food-amount":3,"snack-amount":20,"food-kind":1}},"annotations":{"image-id":"A_10_BEA_IM_20221207_10_001575_15.jpg","label":{"label":"두상","points":[[234,480],[1026,1004]],"shape":"Bounding Box","part":"두상전면좌45도"}}}