{"metadata":{"type":"A","id":{"species":"10","mission-id":"10_001563","provider-code":"0002","breed":"BEA","age":9,"class":"SH","sex":"IM","group":"LS"},"physical":{"weight":10,"shoulder-height":32,"neck-size":32,"back-length":35,"chest-size":59,"BCS":4},"image":{"body-part":"16"},"breeding":{"exercise":1,"food-count":1,"environment":1,"defecation":1,"food-amount":3,"snack-amount":0,"food-kind":1}},"annotations":{"image-id":"A_10_BEA_IM_20221207_10_001563_16.jpg","label":{"label":"두상","points":[[233,1031],[2351,2960]],"shape":"Bounding Box","part":"두상전면우45도"}}}