{"metadata":{"type":"A","id":{"species":"10","mission-id":"10_105141","provider-code":"0002","breed":"BEA","age":8,"class":"SH","sex":"IM","group":"MS"},"physical":{"weight":9,"shoulder-height":32,"neck-size":31,"back-length":38,"chest-size":40,"BCS":6},"image":{"body-part":"19"},"breeding":{"exercise":1,"food-count":1,"environment":1,"defecation":1,"food-amount":3,"snack-amount":0,"food-kind":1}},"annotations":{"image-id":"A_10_BEA_IM_20230131_10_105141_19.jpg","label":{"label":"두상","points":[[257,566],[997,1441]],"shape":"Bounding Box","part":"두상상측면"}}}