{"metadata":{"type":"A","id":{"species":"10","mission-id":"10_001562","provider-code":"0002","breed":"BEA","age":3,"class":"SH","sex":"IM","group":"MS"},"physical":{"weight":9,"shoulder-height":29,"neck-size":30,"back-length":30,"chest-size":45,"BCS":5},"image":{"body-part":"15"},"breeding":{"exercise":1,"food-count":1,"environment":1,"defecation":1,"food-amount":3,"snack-amount":0,"food-kind":1}},"annotations":{"image-id":"A_10_BEA_IM_20221207_10_001562_15.jpg","label":{"label":"두상","points":[[226,541],[990,1057]],"shape":"Bounding Box","part":"두상전면좌45도"}}}