{"metadata":{"type":"A","id":{"species":"10","mission-id":"10_105143","provider-code":"0002","breed":"BEA","age":10,"class":"SH","sex":"IM","group":"MS"},"physical":{"weight":9.9,"shoulder-height":33,"neck-size":32,"back-length":37,"chest-size":42,"BCS":4},"image":{"body-part":"09"},"breeding":{"exercise":1,"food-count":1,"environment":1,"defecation":1,"food-amount":3,"snack-amount":0,"food-kind":1}},"annotations":{"image-id":"A_10_BEA_IM_20230131_10_105143_09.jpg","label":{"label":"전신","points":[[187,166],[1006,1061]],"shape":"Bounding Box","part":"우측면좌45도"}}}