{"metadata":{"type":"A","id":{"species":"10","mission-id":"10_001561","provider-code":"0002","breed":"BEA","age":10,"class":"SH","sex":"IM","group":"MS"},"physical":{"weight":9.8,"shoulder-height":32,"neck-size":30,"back-length":35,"chest-size":52,"BCS":6},"image":{"body-part":"20"},"breeding":{"exercise":1,"food-count":1,"environment":1,"defecation":1,"food-amount":3,"snack-amount":0,"food-kind":1}},"annotations":{"image-id":"A_10_BEA_IM_20221207_10_001561_20.jpg","label":{"label":"코","points":[[623,670],[1014,991]],"shape":"Bounding Box","part":"비문전면"}}}