{"metadata":{"type":"A","id":{"species":"10","mission-id":"10_105142","provider-code":"0002","breed":"BEA","age":10,"class":"SH","sex":"IM","group":"MS"},"physical":{"weight":9,"shoulder-height":32,"neck-size":32,"back-length":38,"chest-size":48,"BCS":5},"image":{"body-part":"07"},"breeding":{"exercise":1,"food-count":1,"environment":1,"defecation":1,"food-amount":3,"snack-amount":0,"food-kind":1}},"annotations":{"image-id":"A_10_BEA_IM_20230131_10_105142_07.jpg","label":{"label":"전신","points":[[265,187],[1098,842]],"shape":"Bounding Box","part":"좌측면하45도"}}}