{"metadata":{"type":"A","id":{"species":"10","mission-id":"10_105146","provider-code":"0002","breed":"BEA","age":9,"class":"SH","sex":"IM","group":"LS"},"physical":{"weight":12,"shoulder-height":43,"neck-size":40,"back-length":48,"chest-size":60,"BCS":8},"image":{"body-part":"01"},"breeding":{"exercise":1,"food-count":1,"environment":1,"defecation":1,"food-amount":3,"snack-amount":0,"food-kind":1}},"annotations":{"image-id":"A_10_BEA_IM_20230131_10_105146_01.jpg","label":{"label":"전신","points":[[214,280],[854,1272]],"shape":"Bounding Box","part":"전면"}}}