{"metadata":{"type":"A","id":{"species":"10","mission-id":"10_105136","provider-code":"0002","breed":"BEA","age":4,"class":"SH","sex":"IM","group":"LS"},"physical":{"weight":10.5,"shoulder-height":34,"neck-size":35,"back-length":42,"chest-size":54,"BCS":5},"image":{"body-part":"03"},"breeding":{"exercise":1,"food-count":1,"environment":1,"defecation":1,"food-amount":3,"snack-amount":0,"food-kind":1}},"annotations":{"image-id":"A_10_BEA_IM_20230131_10_105136_03.jpg","label":{"label":"전신","points":[[896,385],[3485,2511]],"shape":"Bounding Box","part":"좌측면중앙"}}}