{"metadata":{"type":"A","id":{"species":"10","mission-id":"10_105163","provider-code":"0002","breed":"BEA","age":5,"class":"SH","sex":"CM","group":"MS"},"physical":{"weight":9,"shoulder-height":35,"neck-size":33,"back-length":40,"chest-size":56,"BCS":6},"image":{"body-part":"18"},"breeding":{"exercise":1,"food-count":1,"environment":1,"defecation":1,"food-amount":3,"snack-amount":10,"food-kind":1}},"annotations":{"image-id":"A_10_BEA_CM_20230131_10_105163_18.jpg","label":{"label":"두상","points":[[516,335],[1279,1046]],"shape":"Bounding Box","part":"두상전면하45도"}}}